date,dji
2024-01-03,1000000.0
2024-01-04,1000271.1297249285
2024-01-05,1000959.5988532403
2024-01-08,1006754.4488286475
2024-01-09,1002537.2231995624
2024-01-10,1007094.2480528075
2024-01-11,1007502.7167761987
2024-01-12,1004349.1378586115
2024-01-16,998154.6898398049
2024-01-17,995631.3466454062
2024-01-18,1001026.3898555321
2024-01-19,1011584.4819037607
2024-01-22,1015271.553952154
2024-01-23,1012697.1782575666
2024-01-24,1010050.6891526926
2024-01-25,1016535.78239241
2024-01-26,1018146.8022398781
2024-01-29,1024131.7978499349
2024-01-30,1027708.0385789004
2024-01-31,1019238.7307664091
2024-02-01,1029111.4845145583
2024-02-02,1032707.0320176237
2024-02-05,1025378.7023739713
2024-02-06,1029152.0809206389
2024-02-07,1033319.8394636515
2024-02-08,1034628.1082210436
2024-02-09,1033168.411738143
2024-02-12,1036526.3293783666
2024-02-13,1022510.1331864765
2024-02-14,1026558.1897300693
2024-02-15,1035878.2479342534
2024-02-16,1032000.8215293281
2024-02-20,1030285.9625454843
2024-02-21,1031580.0382148895
2024-02-22,1043785.9895227876
2024-02-23,1045453.6773612628
2024-02-26,1043789.2247119611
2024-02-27,1041202.5344263263
2024-02-28,1040577.621111133
2024-02-29,1041843.2062436229
2024-03-01,1044274.0856442236
2024-03-04,1041667.8798626066
2024-03-05,1030857.4430588442
2024-03-06,1032884.1325346383
2024-03-07,1036365.3004462788
2024-03-08,1034530.9481848972
2024-03-11,1035785.7841404557
2024-03-12,1042086.2628754006
2024-03-13,1043096.9985897706
2024-03-14,1039419.2146651333
2024-03-15,1034319.3041963847
2024-03-18,1036340.6712641836
2024-03-19,1044898.7902375348
2024-03-20,1055621.8769336126
2024-03-21,1062815.0591585648
2024-03-22,1054653.9292050858
2024-03-25,1050318.9844344615
2024-03-26,1049482.4271307557
2024-03-27,1062246.1876687321
2024-03-28,1063509.6855824003
2024-04-01,1057083.8693572169
2024-04-02,1046487.7899264349
2024-04-03,1045336.3756634877
2024-04-04,1031172.404379027
2024-04-05,1039375.9048745848
2024-04-08,1039075.6584470946
2024-04-09,1038831.7669277883
2024-04-10,1027553.1669423361
2024-04-11,1027488.1500760426
2024-04-12,1014775.4220382548
2024-04-15,1008146.3106998457
2024-04-16,1009852.4033646386
2024-04-17,1008632.528324342
2024-04-18,1009222.1676414501
2024-04-19,1014859.8500395893
2024-04-22,1021634.6492517476
2024-04-23,1028680.0563841292
2024-04-24,1027537.4084402329
2024-04-25,1017515.5229072787
2024-04-26,1021626.0916545789
2024-04-29,1025538.1658919432
2024-04-30,1010305.3298489301
2024-05-01,1012639.466657149
2024-05-02,1021252.0620417447
2024-05-03,1033274.9642589866
2024-05-06,1037992.8093224375
2024-05-07,1038847.5254298914
2024-05-08,1043446.1902986278
2024-05-09,1052299.2332914742
2024-05-10,1055640.8706248892
2024-05-13,1053468.075831582
2024-05-14,1056850.3095710776
2024-05-15,1066198.1277855893
2024-05-16,1065166.311161121
2024-05-17,1068751.9443747834
2024-05-20,1063493.6139974738
2024-05-21,1065262.7406706798
2024-05-22,1059867.3843777305
2024-05-23,1043683.1939958229
2024-05-24,1043798.8259185407
2024-05-28,1038008.5678245408
2024-05-29,1027019.5694505885
2024-05-30,1018201.5917339455
2024-05-31,1033559.2434624914
2024-06-03,1030479.1346474254
2024-06-04,1034226.3185978815
2024-06-05,1036792.1366953001
2024-06-06,1038898.55793008
2024-06-07,1036569.3260860922
2024-06-10,1038414.1144415818
2024-06-11,1035191.6573028812
2024-06-12,1034250.9477799766
2024-06-13,1032511.4596140377
2024-06-14,1030963.4737749826
2024-06-17,1036011.3081341318
2024-06-18,1037527.6726080393
2024-06-20,1045539.9838595369
2024-06-21,1045955.8622097449
2024-06-24,1052925.7120207837
2024-06-25,1044936.151454442
2024-06-26,1045354.0126625305
2024-06-27,1046322.6909176446
2024-06-28,1045115.1304683959
2024-07-01,1046468.587513276
2024-07-02,1050805.5151417812
2024-07-03,1050168.2872355403
2024-07-05,1051981.5585868235
2024-07-08,1051151.1585786415
2024-07-09,1049739.9899333436
2024-07-10,1061211.7620207367
2024-07-11,1062077.1229441809
2024-07-12,1068680.0396863788
2024-07-15,1074312.399676523
2024-07-16,1094156.3195402608
2024-07-17,1100664.372187016
2024-07-18,1086422.965084273
2024-07-19,1076337.8368210238
2024-07-22,1079755.1358367228
2024-07-23,1078222.9084997708
2024-07-24,1064751.998225029
2024-07-25,1066921.3491072808
2024-07-26,1084401.076211769
2024-07-29,1083081.0146680346
2024-07-30,1088515.0888701247
2024-07-31,1091172.3271519304
2024-08-01,1077952.5093014296
2024-08-02,1061636.6154118776
2024-08-05,1034012.0655858422
2024-08-06,1041877.1235494742
2024-08-07,1035619.8502441368
2024-08-08,1053868.1956796867
2024-08-09,1055232.088818675
2024-08-12,1051477.7039632841
2024-08-13,1062394.7976488315
2024-08-14,1068880.203971372
2024-08-15,1083698.9358001756
2024-08-16,1086282.495257578
2024-08-19,1092608.1249793235
2024-08-20,1090963.3965478863
2024-08-21,1092446.678603471
2024-08-22,1087698.986310871
2024-08-23,1100049.8949659308
2024-08-26,1101798.2538118616
2024-08-27,1102064.8960163237
2024-08-28,1097814.901051739
2024-08-29,1104323.788586023
2024-08-30,1110415.8585216294
2024-09-03,1093687.4258319838
2024-09-04,1094703.692676231
2024-09-05,1088846.9566627624
2024-09-06,1077884.1528850216
2024-09-09,1090819.6915320177
2024-09-10,1088344.9805361626
2024-09-11,1091677.851550527
2024-09-12,1097957.771180079
2024-09-13,1105892.8553351765
2024-09-16,1111992.1261757172
2024-09-17,1111567.3771455174
2024-09-18,1108813.5006322707
2024-09-19,1122761.8622124582
2024-09-20,1123781.5729677612
2024-09-23,1125418.9961333228
2024-09-24,1127651.6941068107
2024-09-25,1119811.2653252736
2024-09-26,1126767.1307702078
2024-09-27,1130451.0719903687
2024-09-30,1130909.2165217146
2024-10-01,1126282.4785598274
2024-10-02,1127339.133088273
2024-10-03,1122398.4774156138
2024-10-04,1131513.0489268096
2024-10-07,1120866.250078662
2024-10-08,1124236.0648661691
2024-10-09,1135767.6357728017
2024-10-10,1134221.319708804
2024-10-11,1145168.051901618
2024-10-14,1150547.649692464
2024-10-15,1141870.246163457
2024-10-16,1150881.082899218
2024-10-17,1155191.8159315118
2024-10-18,1156176.5657715523
2024-10-21,1146977.8793418456
2024-10-22,1146798.5872450683
2024-10-23,1135846.428283318
2024-10-24,1132090.3736528698
2024-10-25,1125145.153023926
2024-10-28,1132443.322355606
2024-10-29,1128315.1166092628
2024-10-30,1125870.2528425572
2024-10-31,1115769.3660772047
2024-11-01,1123483.2050372104
2024-11-04,1116601.331499503
2024-11-05,1128016.644317771
2024-11-06,1168306.3335924614
2024-11-07,1168290.5750903583
2024-11-08,1175227.4468440155
2024-11-11,1183352.989716586
2024-11-12,1173143.358850627
2024-11-13,1174404.6651845325
2024-11-14,1168865.4995147737
2024-11-15,1160693.7247453043
2024-11-18,1159213.9909617163
2024-11-19,1155990.3858526638
2024-11-20,1159718.0543071376
2024-11-21,1172057.900702443
2024-11-22,1183443.3662915623
2024-11-25,1195200.1481090474
2024-11-26,1198505.989639672
2024-11-27,1194812.4472129315
2024-11-29,1199850.8890873834
2024-12-02,1196413.8658538202
2024-12-03,1194370.8960712175
2024-12-04,1202613.1144759166
2024-12-05,1195978.6807295124
2024-12-06,1192687.449730639
2024-12-09,1186259.7550085164
2024-12-10,1182142.715882869
2024-12-11,1179490.5912871764
2024-12-12,1173227.2650472561
2024-12-13,1170927.9847933585
2024-12-16,1167973.7352732362
2024-12-17,1160824.9064482434
2024-12-18,1130821.6576921474
2024-12-19,1131232.2136343603
2024-12-20,1144537.6074565474
2024-12-23,1146319.257442683
2024-12-24,1156740.8453799777
2024-12-26,1157509.4637110396
2024-12-27,1148597.1437036593
2024-12-30,1137416.8517247054
2024-12-31,1136628.404814838
2025-01-02,1132568.8685677263
2025-01-03,1141648.687885542
2025-01-06,1140965.5411652252
2025-01-07,1136204.6993940491
2025-01-08,1139059.0754935567
2025-01-10,1120444.4231548125
2025-01-13,1130026.8447648743
2025-01-14,1135935.44816606
2025-01-15,1154724.2789154686
2025-01-16,1152896.292671493
2025-01-17,1161838.2511861403
2025-01-21,1176211.1530746454
2025-01-22,1179708.9143759178
2025-01-23,1190618.2853518252
2025-01-24,1186856.0734258536
2025-01-27,1194585.8796098444
2025-01-28,1198239.9736008565
2025-01-29,1194584.3141957284
2025-01-30,1199088.9498565507
2025-01-31,1190072.9994346767
2025-02-03,1186793.5612221458
2025-02-04,1190377.002856046
2025-02-05,1198852.5723250022
2025-02-06,1195495.5939332482
2025-02-07,1183627.3546306882
2025-02-10,1188089.3066666082
2025-02-11,1191381.7899967742
2025-02-12,1185368.199488861
2025-02-13,1194528.4810922497
2025-02-14,1190110.8824562891
2025-02-18,1190385.0386485092
2025-02-19,1192288.5822138274
2025-02-20,1180241.0508144903
2025-02-21,1160240.3808172483
2025-02-24,1161127.1357336142
2025-02-25,1165400.4031880598
2025-02-26,1160376.6762063003
2025-02-27,1155203.817439736
2025-02-28,1171271.3322895153
2025-03-03,1153914.4380126796
2025-03-04,1136007.7702982293
2025-03-05,1148981.2963277786
2025-03-06,1137559.7218530453
2025-03-07,1143507.8780509008
2025-03-10,1119730.0725131128
2025-03-11,1106953.4755793833
2025-03-12,1104748.0158115176
2025-03-13,1090391.7073126442
2025-03-14,1108415.1549201645
2025-03-17,1117857.7328691776
2025-03-18,1110902.9110336544
2025-03-19,1121143.8501819377
2025-03-20,1120841.725257508
2025-03-21,1121697.4849743727
2025-03-24,1137673.0578350592
2025-03-25,1137784.724042016
2025-03-26,1134239.1654297286
2025-03-27,1130095.7229859878
2025-03-28,1110972.1023375911
2025-03-31,1122135.9052878541
2025-04-01,1121820.630884848
2025-04-02,1128108.5863068637
2025-04-03,1083241.3130735352
2025-04-04,1023635.1441313303
2025-04-07,1014304.2323892739
2025-04-08,1005754.6710130911
2025-04-09,1084911.6099355374
2025-04-10,1057800.0984958562
2025-04-11,1074338.9073555574
2025-04-14,1082676.5116604045
2025-04-15,1078513.3449987993
2025-04-16,1059823.3440605944
2025-04-17,1045739.5219788839
2025-04-21,1019775.9808910942
2025-04-22,1046935.0809199082
2025-04-23,1058145.011406129
2025-04-24,1071151.306771178
2025-04-25,1071688.348173981
2025-04-28,1074736.418180135
2025-04-29,1082752.1733426882
2025-04-30,1086538.9100898139
2025-05-01,1088772.4429508308
2025-05-02,1103853.0163808065
2025-05-05,1101218.7375060385
2025-05-06,1090803.9330299145
2025-05-07,1098417.2724036588
2025-05-08,1105216.0746322658
2025-05-09,1102034.9444262334
2025-05-12,1133045.2762637616
2025-05-13,1125840.6143352902
2025-05-14,1123452.940364297
2025-05-15,1130711.556899307
2025-05-16,1139581.0889208443
2025-05-19,1143250.1065264307
2025-05-20,1140182.207941471
2025-05-21,1118360.335161424
2025-05-22,1118324.22627581
2025-05-23,1111484.305836417
2025-05-27,1131269.8879340906
2025-05-28,1124725.7264017214
2025-05-29,1127852.3801965094
2025-05-30,1129304.145247888
2025-06-02,1130250.1771787875
2025-06-03,1135971.7657735562
2025-06-04,1133516.4659127423
2025-06-05,1130631.0946137335
2025-06-06,1142470.0084918498
2025-06-09,1142440.3699845828
2025-06-10,1145248.5141871916
2025-06-11,1145219.0844018066
2025-06-12,1147940.191579554
2025-06-13,1127373.0503941244
2025-06-16,1135850.1852771968
2025-06-17,1127854.258693449
2025-06-18,1126674.9800592333
2025-06-20,1127614.3328899038
2025-06-23,1137631.9396242735
2025-06-24,1151183.5209064707
2025-06-25,1148335.823907192
2025-06-26,1159140.2077763719
2025-06-27,1170693.1726759262
2025-06-30,1178053.5411284904
2025-07-01,1188744.6933765972
2025-07-02,1188463.649362266
2025-07-03,1197657.0133839776
2025-07-07,1186378.1003157024
2025-07-08,
