date,ensemble
2024-01-03,1000000.0
2024-01-04,1000048.0875179862
2024-01-05,1000566.5157922404
2024-01-08,1006321.0144928286
2024-01-09,1003601.1869175532
2024-01-10,1007805.3923852808
2024-01-11,1009631.7871861842
2024-01-12,1003242.2459768984
2024-01-16,997413.7741726232
2024-01-17,995527.3739924892
2024-01-18,997380.446398373
2024-01-19,1004282.3697477384
2024-01-22,1009040.1141779256
2024-01-23,1011212.6331041456
2024-01-24,1007605.058517018
2024-01-25,1006881.084481217
2024-01-26,1014223.4968408208
2024-01-29,1019610.7551503148
2024-01-30,1024053.9603820386
2024-01-31,1014480.8015818144
2024-02-01,1025149.7623072286
2024-02-02,1027574.0488868224
2024-02-05,1019674.3687915388
2024-02-06,1020914.7426070068
2024-02-07,1023941.131239659
2024-02-08,1028521.2811902204
2024-02-09,1028115.988491372
2024-02-12,1028730.704175553
2024-02-13,1012190.0372128418
2024-02-14,1019068.9026444138
2024-02-15,1028838.5640337416
2024-02-16,1026597.0338562249
2024-02-20,1023124.5097732514
2024-02-21,1023197.3674127052
2024-02-22,1033806.1021497468
2024-02-23,1035831.6180351266
2024-02-26,1034348.200117833
2024-02-27,1035308.6795471734
2024-02-28,1035380.481624604
2024-02-29,1038502.8235574692
2024-03-01,1041340.3566459093
2024-03-04,1040048.1997623568
2024-03-05,1028703.1145821236
2024-03-06,1033019.7834927645
2024-03-07,1041297.2963239106
2024-03-08,1038982.796321206
2024-03-11,1038389.7975631952
2024-03-12,1046213.706035718
2024-03-13,1051190.8410520067
2024-03-14,1046681.6947957658
2024-03-15,1046635.090323617
2024-03-18,1049771.243829957
2024-03-19,1057035.4224711657
2024-03-20,1065811.156665223
2024-03-21,1072506.9019074524
2024-03-22,1062900.227332776
2024-03-25,1060503.6482578248
2024-03-26,1059536.7178555117
2024-03-27,1078171.8151971635
2024-03-28,1079312.5847658091
2024-04-01,1073958.4605894708
2024-04-02,1068400.153265191
2024-04-03,1071277.399686532
2024-04-04,1056077.200860696
2024-04-05,1066274.0039529428
2024-04-08,1062275.106583852
2024-04-09,1060688.6975375223
2024-04-10,1053867.077007821
2024-04-11,1054442.4469631128
2024-04-12,1043065.4648474244
2024-04-15,1038938.9895831425
2024-04-16,1033550.72444592
2024-04-17,1035055.0426792308
2024-04-18,1032499.1965969095
2024-04-19,1034886.4696068622
2024-04-22,1042274.8487457936
2024-04-23,1053388.9453189175
2024-04-24,1054268.74484575
2024-04-25,1038616.8672218143
2024-04-26,1043297.631587083
2024-04-29,1044758.7212197334
2024-04-30,1021126.0179542648
2024-05-01,1022632.0149536696
2024-05-02,1028995.4859046928
2024-05-03,1032193.1181040908
2024-05-06,1041630.3422702668
2024-05-07,1040671.1211261094
2024-05-08,1044132.6931597628
2024-05-09,1052288.3520742487
2024-05-10,1059416.2541225408
2024-05-13,1056949.2106418775
2024-05-14,1059582.3988138784
2024-05-15,1071280.6905895818
2024-05-16,1065795.7962131246
2024-05-17,1070617.2654910025
2024-05-20,1069977.1786937308
2024-05-21,1067488.0614490218
2024-05-22,1061762.9366741444
2024-05-23,1045169.8584804568
2024-05-24,1042111.7611277176
2024-05-28,1034164.8425241142
2024-05-29,1018983.7672517447
2024-05-30,998481.9930953766
2024-05-31,997525.9845791222
2024-06-03,997729.2995514618
2024-06-04,999352.1175551316
2024-06-05,997949.330710584
2024-06-06,997521.1481954778
2024-06-07,994205.2066686716
2024-06-10,994656.8618616344
2024-06-11,989184.752998004
2024-06-12,987153.6951653168
2024-06-13,982771.9461766654
2024-06-14,982729.3480514575
2024-06-17,986180.4772407466
2024-06-18,989288.8421063625
2024-06-20,998223.1822290964
2024-06-21,994510.7786435062
2024-06-24,1004346.5118555346
2024-06-25,997726.3300146
2024-06-26,996022.2457459004
2024-06-27,996386.3584340948
2024-06-28,1002351.93860621
2024-07-01,1001386.1853016864
2024-07-02,1001676.8873077384
2024-07-03,1003013.357455844
2024-07-05,1004520.1223388854
2024-07-08,1003154.4320537044
2024-07-09,1002482.8305398648
2024-07-10,1013664.3670064786
2024-07-11,1010426.4452548306
2024-07-12,1015019.897845773
2024-07-15,1023741.5571246428
2024-07-16,1039578.3850589078
2024-07-17,1048364.8307681364
2024-07-18,1036075.9102664272
2024-07-19,1023047.477092294
2024-07-22,1026176.2327075284
2024-07-23,1025802.8700061124
2024-07-24,1011949.382335214
2024-07-25,1009044.6300998012
2024-07-26,1034285.1914477628
2024-07-29,1033250.9109884732
2024-07-30,1034627.9889166348
2024-07-31,1033676.8768656248
2024-08-01,1025566.5766420836
2024-08-02,1015954.2779480872
2024-08-05,1014938.3667892888
2024-08-06,1016738.9263687568
2024-08-07,1015021.4089271978
2024-08-08,1024940.5959625676
2024-08-09,1026325.733993726
2024-08-12,1024070.8930818608
2024-08-13,1034590.2790376714
2024-08-14,1044086.3079683356
2024-08-15,1053446.794189649
2024-08-16,1054903.2102357915
2024-08-19,1059493.598800855
2024-08-20,1059341.6364442876
2024-08-21,1056830.1103517583
2024-08-22,1054592.6148073247
2024-08-23,1064585.486892896
2024-08-26,1067166.4084474614
2024-08-27,1067710.275604444
2024-08-28,1065574.6093904546
2024-08-29,1075029.465835767
2024-08-30,1080104.832672315
2024-09-03,1070432.123321729
2024-09-04,1074477.2431337407
2024-09-05,1069496.9036409429
2024-09-06,1061150.1542665532
2024-09-09,1071637.209381299
2024-09-10,1068857.8503572517
2024-09-11,1067808.7088472417
2024-09-12,1073254.3757021
2024-09-13,1083740.466995435
2024-09-16,1092396.1556703618
2024-09-17,1091031.2345277837
2024-09-18,1086715.901886182
2024-09-19,1093483.505340772
2024-09-20,1091829.7856599858
2024-09-23,1091410.6444856694
2024-09-24,1083795.8873445562
2024-09-25,1079878.387436109
2024-09-26,1082799.5474855474
2024-09-27,1087931.8602754644
2024-09-30,1088319.8010713628
2024-10-01,1083507.1071016362
2024-10-02,1085064.8156282476
2024-10-03,1079913.1294099858
2024-10-04,1086159.8116504282
2024-10-07,1071504.730526355
2024-10-08,1073512.8373375696
2024-10-09,1085533.0732139505
2024-10-10,1088585.36963948
2024-10-11,1096413.7305087217
2024-10-14,1106811.8181312422
2024-10-15,1071961.1832240615
2024-10-16,1090026.263246469
2024-10-17,1095557.196457252
2024-10-18,1098128.4499896788
2024-10-21,1093103.7236550078
2024-10-22,1090475.6751466915
2024-10-23,1078985.916183515
2024-10-24,1074432.176626634
2024-10-25,1073270.6677048774
2024-10-28,1078085.3140719277
2024-10-29,1070401.3230973792
2024-10-30,1073196.5158379243
2024-10-31,1073263.6345131565
2024-11-01,1077492.4257859264
2024-11-04,1064767.5137223278
2024-11-05,1078904.2069979357
2024-11-06,1121624.988332088
2024-11-07,1120503.3725050387
2024-11-08,1122412.8097709194
2024-11-11,1128290.957249431
2024-11-12,1117627.5773469997
2024-11-13,1115780.0240822404
2024-11-14,1109217.1764412036
2024-11-15,1107670.7578481918
2024-11-18,1108673.119663732
2024-11-19,1098004.5252167182
2024-11-20,1111039.6691657803
2024-11-21,1116334.120875379
2024-11-22,1122484.9345875925
2024-11-25,1141391.8792591929
2024-11-26,1142173.6948545794
2024-11-27,1142702.797764873
2024-11-29,1147929.88810144
2024-12-02,1143429.4968481136
2024-12-03,1138316.701105369
2024-12-04,1143093.3336659006
2024-12-05,1114623.4676773867
2024-12-06,1090492.4904741473
2024-12-09,1101664.770492
2024-12-10,1102721.8292032084
2024-12-11,1072065.446861263
2024-12-12,1052045.3546028647
2024-12-13,1056009.1280903523
2024-12-16,1036673.9342438406
2024-12-17,1022015.2957194934
2024-12-18,1023287.8168615716
2024-12-19,1010491.641441772
2024-12-20,1028233.7430732704
2024-12-23,1034102.5549400306
2024-12-24,1037855.9403588958
2024-12-26,1044596.4242055868
2024-12-27,1040016.4814634472
2024-12-30,1032453.073605186
2024-12-31,1030010.9748541178
2025-01-02,1026880.3664414212
2025-01-03,1038444.1524864956
2025-01-06,1037138.8286292072
2025-01-07,1036556.8661323125
2025-01-08,1049954.0104606396
2025-01-10,1038562.1919241556
2025-01-13,1063543.7078398394
2025-01-14,1069393.4243550526
2025-01-15,1075091.9476851723
2025-01-16,1045677.061330322
2025-01-17,1047342.2870596404
2025-01-21,1069159.5457858597
2025-01-22,1063682.0369605692
2025-01-23,1077904.1121533792
2025-01-24,1078940.831777418
2025-01-27,1093023.2032929095
2025-01-28,1091905.717148752
2025-01-29,1086858.1102940768
2025-01-30,1088484.168479105
2025-01-31,1087395.697030113
2025-02-03,1086704.4566658707
2025-02-04,1086249.7197704965
2025-02-05,1087441.6386407816
2025-02-06,1084478.456077246
2025-02-07,1079045.7653793665
2025-02-10,1080146.4209177042
2025-02-11,1081677.8023285014
2025-02-12,1082714.6253030116
2025-02-13,1089878.226655379
2025-02-14,1081804.244971787
2025-02-18,1089208.4460155875
2025-02-19,1091595.673173127
2025-02-20,1081545.2086708287
2025-02-21,1065888.6954967603
2025-02-24,1065945.8643092164
2025-02-25,1066676.6535418786
2025-02-26,1062687.2457611836
2025-02-27,1060940.6740831442
2025-02-28,1075064.4299885014
2025-03-03,1061178.5169471423
2025-03-04,1042794.6005645284
2025-03-05,1056961.1948824376
2025-03-06,1051577.4945767983
2025-03-07,1058704.2396667108
2025-03-10,1036552.0806251
2025-03-11,1028069.4737989968
2025-03-12,1027012.190032342
2025-03-13,1017455.70787597
2025-03-14,1031077.98465471
2025-03-17,1039390.9764381688
2025-03-18,1036229.4332553702
2025-03-19,1040072.879697776
2025-03-20,1040422.5337878944
2025-03-21,1040617.8921444922
2025-03-24,1049630.3547407829
2025-03-25,1043050.0077766428
2025-03-26,1043833.0154730312
2025-03-27,1042039.9700491724
2025-03-28,1030264.8859912272
2025-03-31,1041627.9799276324
2025-04-01,1037245.9395398648
2025-04-02,1037619.972156728
2025-04-03,1027901.5734172986
2025-04-04,1026873.6815743193
2025-04-07,1026873.6815743193
2025-04-08,1023440.4056809172
2025-04-09,1070120.103292535
2025-04-10,1046054.5513985378
2025-04-11,1063266.0332944996
2025-04-14,1070768.8869739582
2025-04-15,1066900.439136777
2025-04-16,1052409.9683327763
2025-04-17,1029375.4582908908
2025-04-21,1028346.1124579824
2025-04-22,1035656.4414092454
2025-04-23,1040056.274039403
2025-04-24,1044501.369240514
2025-04-25,1041951.5128681918
2025-04-28,1046979.7192238512
2025-04-29,1051023.5314840786
2025-04-30,1052913.030919099
2025-05-01,1047149.8626049204
2025-05-02,1065903.9508288966
2025-05-05,1066587.3616271145
2025-05-06,1056392.6980928278
2025-05-07,1059252.9201122066
2025-05-08,1064874.0023341917
2025-05-09,1062554.839509637
2025-05-12,1091301.4872986386
2025-05-13,1058062.9908768246
2025-05-14,1049880.8847900936
2025-05-15,1037799.7994934628
2025-05-16,1055464.9979950497
2025-05-19,1070909.8537079403
2025-05-20,1070089.6636520931
2025-05-21,1040068.5181900568
2025-05-22,1036730.2430435724
2025-05-23,1033911.7502533504
2025-05-27,1049838.6456314633
2025-05-28,1046129.1994721004
2025-05-29,1050494.403649957
2025-05-30,1050131.1682602474
2025-06-02,1051716.1313263483
2025-06-03,1055645.2940918517
2025-06-04,1051241.1567169735
2025-06-05,1046170.9969040462
2025-06-06,1060976.838639886
2025-06-09,1063451.3040482113
2025-06-10,1069143.039964349
2025-06-11,1079715.802085328
2025-06-12,1080856.6274576732
2025-06-13,1064982.2414168406
2025-06-16,1073117.770417245
2025-06-17,1068086.2070436794
2025-06-18,1069390.9419832546
2025-06-20,1068857.3484428227
2025-06-23,1078882.2871330082
2025-06-24,1092742.2891319096
2025-06-25,1085327.974587232
2025-06-26,1096539.629952222
2025-06-27,1105976.7684409916
2025-06-30,1114734.7866752446
2025-07-01,1129657.3415153325
2025-07-02,1123209.1720969975
2025-07-03,1126905.8700034916
2025-07-07,1114577.0154960454
2025-07-08,1118018.3949516118
